id,pair,dir,entry,tp,sl,tpPct,slPct,result,profitPct,roiPct,leverage,rsiTierStr,score,tier,labels,entryTime,closeTime

"x7slfco0b6","ZECUSDT","SHORT",1567.9556300000002,1455,1626.2307,"7.25","3.66","LOSS",-3.866627491557265,-38.67,20,"T1",132,"ULTRA_HIGH","RSI 67|Manipulation|SMC Sniper 🎯|Liquidity Sweep 🎯|🕯️ Shooting Star|Vol 2.9x 🚀|🔥 Social Hype|Fib Golden Zone 📐|ATR 1.53% 📏|🚨 Risiko Likuidasi 73.3%",1790338726735,1790460470165
"046aozujkere","TAOUSDT","LONG",318.99941999999993,337.14,309.95245,"5.74","2.79","LOSS",-2.946045908798183,-29.46,10,"T1",172,"ULTRA_HIGH","RSI 44|🐋 COPY WHALE LONG|Manipulation|SMC Sniper 🎯|Liquidity Sweep 🎯|🕯️ Hammer/Pin Bar|Vol 1.4x 🚀|🔥 Social Hype|Fib Golden Zone 📐|ATR 1.62% 📏",1790555321369,1790560992423
"20e59jf2gup","LITUSDT","LONG",4.4838408,4.8915,4.379125,"9.15","2.29","LOSS",-2.445404058056658,-24.45,10,"T1",70,"HIGH","RSI 28|🐋 COPY WHALE LONG|KC Reversal 🌊|EMA200 Bull 🧭|Vol 3.1x 🚀|🔥 Social Hype|ATR 1.77% 📏",1790564990802,1790576453277
"8zajxcx2hpk","NILUSDT","LONG",0.088774365,0.11234,0.0828275,"26.61","6.65","LOSS",-6.838853886479498,-68.39,10,"T1",90,"ULTRA_HIGH","RSI 28|🐋 COPY WHALE LONG|KC Reversal 🌊|EMA200 Bull 🧭|Vol 4.2x 🚀|OI Expansion 🔥|ATR 3.79% 📏",1790564607642,1790659843044
"wsib14mquke","KORUUSDT","SHORT",21.36931,19.91,21.36931,"6.88","2.00","WIN",0.998214345713549,9.98,20,"T1",110,"ULTRA_HIGH","RSI 59|Manipulation|SMC Sniper 🎯|Liquidity Sweep 🎯|🕯️ Shooting Star|Vol 3.5x 🚀|🐋 Whale Lawan −12|Fib Golden Zone 📐|ATR 1.61% 📏",1790356588230,1790693908672
"l8d7683apl","SAMSUNGUSDT","LONG",197.648775,210.75,197.648775,"6.68","2.81","WIN",1.0421424139866302,10.42,10,"T1",152,"ULTRA_HIGH","RSI 37|🐋 COPY WHALE LONG|Manipulation|SMC Sniper 🎯|Liquidity Sweep 🎯|🕯️ Hammer/Pin Bar|Vol 22.6x 🚀|OI Expansion 🔥|Fib Golden Zone 📐|ATR 1.45% 📏",1790636944343,1790745366042
"bov135yc69f","ENAUSDT","SHORT",0.25378304500000004,0.2350751200000001,0.26568179999999997,"7.42","4.64","LOSS",-4.798553957574244,-47.99,10,"T1",158,"ULTRA_HIGH","RSI 56|Manipulation|SMC Sniper 🎯|Liquidity Sweep 🎯|🕯️ Shooting Star|Vol 5.3x 🚀|✅ Momentum Turun 🔻|🔥 Social Hype|🐋 Whale Lawan −12|Fib Golden Zone 📐|ATR 1.98% 📏",1790771088047,1790774001448
"7phh6l8djpj","CLUSDT","SHORT",91.63416000000001,88.57,91.63416000000001,"3.39","1.95","WIN",0.4608975430123461,4.61,10,"T1",162,"ULTRA_HIGH","RSI 62|🐋 COPY WHALE SHORT|Manipulation|SMC Sniper 🎯|Liquidity Sweep 🎯|🕯️ Shooting Star|Vol 2.4x 🚀|Fib Golden Zone 📐|🛡️ Killzone Shield|ATR 0.83% 📏",1790781410233,1790843682039
"es8e25e2jz9","SNDKUSDT","SHORT",1754.46233,1660.43,1754.46233,"5.41","3.22","WIN",0.833724210197208,8.34,10,"T1",67,"MEDIUM","RSI 59|🐋 COPY WHALE SHORT|Manipulation|SMC Sniper 🎯|Liquidity Sweep 🎯|🕯️ Shooting Star|Vol 1.7x 🚀|Fib Golden Zone 📐|🛡️ Killzone Shield|ATR 1.66% 📏",1790843712321,1790894419380
"mxjdaryta5","SANDUSDT","SHORT",0.06517739500000001,0.04166,0.07214895,"36.11","10.64","LOSS",-10.806277444043273,-108.06,10,"T1",97,"ULTRA_HIGH","RSI 74|📈 Trend Berkembang (Ikut Arah)|Manipulation|KC Reversal 🌊|EMA200 Bear 🧭|Vol 89.8x 🚀|🔥 Social Hype|💰 Funding Mahal -0.935%|ATR 7.36% 📏|🚨 Risiko Likuidasi 106.4%",1790988366348,1791004227709